anchor_id,direction,view,filename,captured_at,latitude,longitude,rights_holder,notes
tuen-mun,tuen-mun-to-tsuen-wan,approach,,,,,,
castle-peak-bay,tuen-mun-to-tsuen-wan,coast,,,,,,
siu-lam,tuen-mun-to-tsuen-wan,roadside,,,,,,
tai-lam-chung,tuen-mun-to-tsuen-wan,bridge,,,,,,
tsing-lung-tau,tuen-mun-to-tsuen-wan,approach,,,,,,
sham-tseng,tuen-mun-to-tsuen-wan,urban-context,,,,,,
ting-kau,tuen-mun-to-tsuen-wan,bridge-view,,,,,,
yau-kom-tau,tuen-mun-to-tsuen-wan,viaduct,,,,,,
tsuen-wan,tuen-mun-to-tsuen-wan,arrival,,,,,,
